place_id,name,formatted_address,website,formatted_phone_number,Inep,city,qedu_url,Sistema de Ensino,Escola é Bilíngue?,Comunidade que a escola pertence
ChIJ_UoMpcV5GZUR9BxeVWRFCpg,College João Paulo I - Unit Higienopolis,"Av. Filadélfia, 314 - Higienópolis, Porto Alegre - RS, 90550-060, Brazil",http://www.jphigi.com.br/,(51) 3013-4545,43238203,"PORTO ALEGRE
 ",http://www.qedu.org.br/escola/216751-colegio-joao-paulo-i/censo-escolar,,Sim,
ChIJ_fd4pMt5GZURpwjRQqVZ0LA,Escola de Educação Infantil Gente Miúda,"Tv. Angustura, 66 - Moinhos de Vento, Porto Alegre - RS, 90440-030, Brazil",https://www.escolagentemiudapoa.com.br/,(51) 99579-0050,43211313,"PORTO ALEGRE
 ",http://www.qedu.org.br/escola/234126-eei-gente-miudinha/sobre,,,
ChIJsVUf0Ml5GZUR4lN7TiQgHos,Pamame Serv de Ensino e Partic Soc Simples,"R. Dr. Timóteo, 1054 - Floresta, Porto Alegre - RS, 90570-040, Brazil",,(51) 3084-1786,43104975,"PORTO ALEGRE
 ",http://www.qedu.org.br/escola/231686-centro-ens-medio-farroupilha/censo-escolar,,,
ChIJAc0ohmJ3GZURh3lH-WzMn-o,Mary Help of Christians Institute,"R. Mal. José Inácio da Silva, 305 - Passo d'Areia, Porto Alegre - RS, 90520-280, Brazil",http://imapoa.com.br/,(51) 3341-1590,43105289,"PORTO ALEGRE
 ",https://www.qedu.org.br/escola/254400-eef-maria-auxiliadora/censo-escolar,Salesiano,Sim,
ChIJi0acEEp4GZUR0fbwNCIV39A,American Methodist College,"R. Dr. Lauro de Oliveira, 71 - Rio Branco, Porto Alegre - RS, 90420-210, Brazil",http://colegiometodista.g12.br/americano,(51) 3316-1158,43107524,"PORTO ALEGRE
 ",http://www.qedu.org.br/escola/218865-colegio-metodista-americano/censo-escolar,,Sim,
ChIJ5-YfHUt4GZURfCyMQOzMw4s,School Leonardo da Vinci - Alfa,"R. Cabral, 521 - Rio Branco, Porto Alegre - RS, 90420-121, Brazil",http://colegioleonardodavinci.com.br/,(51) 3095-2102,43172423,"PORTO ALEGRE
 ",http://www.qedu.org.br/escola/229513-colegio-leonardo-da-vinci-alfa/censo-escolar,,,
ChIJ68XsaNh5GZURyt9NuJ63_uM,Dom Bosco Higienópolis,"R. Dr. Eduardo Chartier, 360 - Higienópolis, Porto Alegre - RS, 90520-100, Brazil",http://colegiodombosco.net/site/,(51) 3337-9833,43107370,"PORTO ALEGRE
 ",http://qedu.org.br/escola/220439-colegio-salesiano-dom-bosco/sobre,Salesiano,,
ChIJH04BbpN5GZURAe0F3xuIyBI,Colégio Concórdia Porto Alegre,"Av. Pres. Franklin Roosevelt, 770 - São Geraldo, Porto Alegre - RS, 90230-001, Brazil",http://colegioconcordia.com.br/,4009-9090,43104967,"PORTO ALEGRE
 ",https://www.qedu.org.br/escola/231685-colegio-concordia/censo-escolar,COC (Arco),,
ChIJuwsBAUp4GZURnZUCnNpdJ4w,INST Metodista de Educação e Culturadoutor Lau,"R. Dr. Lauro de Oliveira, 71 - Rio Branco, Porto Alegre - RS, 91430-340, Brazil",http://www.colegiometodista.g12.br/,,35137972,"SÃO BERNARDO DO CAMPO
 ",http://www.qedu.org.br/escola/209757-colegio-metodista/censo-escolar,,,
ChIJUzyUCYV3GZURNWRhyEMzp3o,Anchieta College,"Av. Dr. Nilo Peçanha, 1521 - Três Figueiras, Porto Alegre - RS, 91330-000, Brazil",http://www.colegioanchieta.g12.br/,(51) 3382-6000,43104924,"PORTO ALEGRE
 ",http://www.qedu.org.br/escola/257509-colegio-anchieta/sobre,,Sim,
ChIJgQ7QeoR3GZURPhiQUNkDTSs,Colégio Província de São Pedro,"Av. Marechal Andréa, 345 - Boa Vista, Porto Alegre - RS, 91340-400, Brazil",http://www.colegioprovincia.com.br/,(51) 3328-2810,43108423,"PORTO ALEGRE
 ",https://www.qedu.org.br/escola/254058-colegio-provincia-de-sao-pedro/sobre,,,
ChIJ__-z28h5GZURrvFBan0ATHc,Escola De Educação Infantil Cata-Vento,"R. Xavier Ferreira, 85 - Auxiliadora, Porto Alegre - RS, 90540-160, Brazil",,,35188360,"SÃO JOSÉ DO RIO PRETO
 ",https://www.qedu.org.br/escola/188644-cata-vento-escola-de-educacao-infantil-e-ensino-fundamental/sobre,,,
ChIJVVL7QcZ5GZURlyUv1jt4tQo,Escola de Educação Infantil Recanto Feliz,"R. Marquês do Pombal, 1077 - Auxiliadora, Porto Alegre - RS, 90540-001, Brazil",https://www.escolarecantofeliz.com.br/,(51) 3337-8748,43185452,"PORTO ALEGRE
 ",http://www.qedu.org.br/escola/231764-5093-eei-recanto-da-crianca-feliz/sobre,,,
ChIJayZd04N3GZURcKnWd-Cnlns,"Colégio Monteiro Lobato - Educação Infantil, Fundamental e de Ensino Médio","Rua 14 de Julho, 687 - Boa Vista, Porto Alegre - RS, 91340-430, Brazil",http://www.colegiomonteirolobato.com.br/,(51) 3328-5035,43109330,"PORTO ALEGRE
 ",http://www.qedu.org.br/escola/257975-eeb-colegio-monteiro-lobato/sobre,,,
ChIJNyIGmdt5GZUR9cO34TmVsb0,Teaching Center Pastor Dohms,"R. Américo Vespúcio, 483 - Higienópolis, Porto Alegre - RS, 90550-031, Brazil",http://www.dohms.org.br/,(51) 3357-3300,43107494,"PORTO ALEGRE
 ",http://www.qedu.org.br/escola/218863-centro-de-ensino-medio-pastor-dohms-unidade-de-ensino-higienopolis/censo-escolar,,,
ChIJUQg4eI53GZUR_q7VNmwAQ54,Colégio Farroupilha,"R. Carlos Huber, 425 - Três Figueiras, Porto Alegre - RS, 91330-150, Brazil",http://www.colegiofarroupilha.com.br/,(51) 3455-1858,43104975,"PORTO ALEGRE
 ",http://www.qedu.org.br/escola/231686-centro-ens-medio-farroupilha/censo-escolar,,,
ChIJxYulZTh4GZURa9T9cqnVLPg,Colégio Vicentino Santa Cecília,"R. Felipe de Oliveira, 448 - Petrópolis, Porto Alegre - RS, 90630-000, Brazil",http://colegiosantacecilia.com.br/,(51) 3316-1000,43107389,"PORTO ALEGRE
 ",http://www.qedu.org.br/escola/220440-colegio-vicentino-santa-cecilia/censo-escolar,,,
ChIJA-jcAbt5GZURVqSTGekjC5w,Colégio Batista,"001, Av. Cristóvão Colombo, 1098 - Floresta, Porto Alegre - RS, Brazil",http://colegiobatista.org.br/,(51) 2136-5200,43104940,"PORTO ALEGRE
 ",https://www.qedu.org.br/escola/257511-colegio-batista/censo-escolar,,,
ChIJUZvIpyt4GZURscrwcWbDj9I,Curso Peristroica,"Rua Furriel Luíz Antônio de Vargas, 250 - Bela Vista, Porto Alegre - RS, 91787-213, Brazil",,(51) 3061-5564,43104983,"PORTO ALEGRE
 ",http://www.qedu.org.br/escola/255309-colegio-israelita-brasileiro/sobre,,,
ChIJiSAGpc15GZUR8TeZLqUqssA,Colégio Lumiar Porto Alegre,"R. Dr. Freire Alemão, 366 - Mont'Serrat, Porto Alegre - RS, 90450-060, Brazil",https://lumiar.co/,(51) 99276-1070,43114946,"PORTO ALEGRE
 ",http://qedu.org.br/escola/283790-escola-de-ensino-fundamental-lumiar/sobre,,,
ChIJb_egODZ4GZURNR_FDm1ztpY,EARLY CHILDHOOD EDUCATION SCHOOL Pirlimpimpim,"Rua Professor Álvaro Alvim, 310 - Rio Branco, Porto Alegre - RS, 90420-020, Brazil",http://www.pirlimpimpimpoa.com.br/,(51) 3388-5901,43107036,"PORTO ALEGRE
 ",http://qedu.org.br/escola/234069-eeef-porto-alegre/censo-escolar,,,
ChIJ-4GxDDl4GZURgluynoWZn0s,Colégio Vicentino Santa Cecília,"R. Vicente da Fontoura, 2234 - Santa Cecilia, Porto Alegre - RS, 90640-002, Brazil",http://www.colegiosantacecilia.com.br/,(51) 3316-1000,43107389,"PORTO ALEGRE
 ",http://www.qedu.org.br/escola/220440-colegio-vicentino-santa-cecilia/censo-escolar,,,
ChIJmRZnB-t5GZURiSAqLsGvg4g,Instituto São Francisco • Santa Família,"Av. Pará, 833 - Navegantes, Porto Alegre - RS, 90240-591, Brazil",https://redesf.com.br/santa-familia/,(51) 3342-9797,43107451,"PORTO ALEGRE
 ",http://www.qedu.org.br/escola/220448-instituto-sao-francisco-santa-familia/sobre,,,
ChIJ_5aKDtx5GZURe3mww_NL4QI,Sociedade Porvir Científico,"R. Honório Silveira Dias, 630 - São João, Porto Alegre - RS, 90550-150, Brazil",,(51) 3337-2011,43105009,"PORTO ALEGRE
 ",http://qedu.org.br/escola/254434-colegio-militar-de-porto-alegre/censo-escolar,,,
ChIJ0duITqV5GZURrwOisHefNEA,Escola de Educação Infantil Canto dos Anjos,"R. Pelotas, nº 444 - Floresta, Porto Alegre - RS, 90220-110, Brazil",http://facebook.com/escolacantodosanjos,(51) 3228-0767,43367356,"PORTO ALEGRE
 ",http://www.qedu.org.br/escola/257735-5195-iei-anjo-das-flores/sobre,,,
ChIJucglKJN3GZURy49inKfTqoI,Pan American School of Porto Alegre,"Av. João Obino, 110 - Petrópolis, Porto Alegre - RS, 90470-150, Brazil",http://www.panamerican.com.br/,(51) 3334-5866,43107524,"PORTO ALEGRE
 ",http://www.qedu.org.br/escola/218865-colegio-metodista-americano/censo-escolar,,,
ChIJNbRwt7h5GZUR_cOq50cZiOQ,Escola de Educação Infantil Lápis de Cor,"Av. Pernambuco, 2808 - Navegantes, Porto Alegre - RS, 90240-001, Brazil",http://facebook.com/infantillapisdecor/,(51) 99336-1111,35482432,"JACAREÍ
 ",http://www.qedu.org.br/escola/269103-lapis-de-cor-escola-de-educacao-infantil/sobre,,,
ChIJgewM2YN3GZUR-RbjGgURyuY,Monteiro Lobato School,"Rua Salõmão Dubin, 200 - Boa Vista, Porto Alegre - RS, 91340-450, Brazil",http://www.colegiomonteirolobato.com.br/,(51) 3328-5035,43109330,"PORTO ALEGRE
 ",http://www.qedu.org.br/escola/257975-eeb-colegio-monteiro-lobato/sobre,,,
ChIJ0S3lcGF3GZURP2yKzog0vHM,Associação Cristã de Moços de Porto Alegre,"R. Santa Catarina, 105 - Santa Maria Goretti, Porto Alegre - RS, 91030-330, Brazil",,(51) 3341-7265,43108130,"PORTO ALEGRE
 ",http://www.qedu.org.br/escola/218900-colegio-acm-centro/sobre,,,
ChIJp3uQtc55GZURUM_P3gn3rvY,Children's House Our Lady Help,"R. Felipe Neri, 78 - Auxiliadora, Porto Alegre - RS, 90440-150, Brazil",,(51) 3332-9521,43105114,"PORTO ALEGRE
 ",http://www.qedu.org.br/escola/218884-colegio-sao-judas-tadeu/sobre,,,
ChIJ1a09B8Z5GZUR3GQcGvtb37M,Cinco Estrelinhas Escola de Educação Infantil,"Av. Nova York, 335 - Auxiliadora, Porto Alegre - RS, 90550-070, Brazil",http://www.cincoestrelinhas.com.br/,(51) 3024-6434,43210392,"PORTO ALEGRE
 ",http://www.qedu.org.br/escola/234161-eei-cinco-estrelinhas/sobre,,,
ChIJ6YDSyM15GZURjtXhRm52rUs,Piratini State School,"Rua Eudoro Berlink, 632 - Auxiliadora, Porto Alegre - RS, 90450-030, Brazil",,(51) 3332-4612,43108024,"PORTO ALEGRE
 ",http://www.qedu.org.br/escola/233169-colegio-estadual-piratini/sobre,,,
ChIJsV0aL7Z5GZUR7zaDCei6ta8,Aulas Particulares-Preparação para o Vestibular,"R. 24 de Outubro, 1100 - Independência, Porto Alegre - RS, 90510-002, Brazil",,(51) 3346-4393,, Porto Alegre ,,,,
ChIJtUHl-U55GZURgyCxyn4ehxk,Colégio Dom Bosco,"R. Dr. Eduardo Chartier, 360 - Passo d'Areia, Porto Alegre - RS, 90520-100, Brazil",,,43107370,"PORTO ALEGRE
 ",http://qedu.org.br/escola/220439-colegio-salesiano-dom-bosco/sobre,,,
ChIJQ7lvbFl4GZURXnPNQQWdPeE,Colégio Nossa Senhora de Lourdes,"R. Marcílio Dias, 1201 - Menino Deus, Porto Alegre - RS, 90130-000, Brazil",http://www.cnsl.com.br/,(51) 3223-1285,31054071,"GOVERNADOR VALADARES
 ",http://www.qedu.org.br/escola/138412-colegio-nossa-senhora-de-lourdes/sobre,COC (Arco),,
ChIJp7uMjDd4GZUR05qRISiYFYw,CIB - Colégio Israelita Brasileiro,"Av. Protásio Alves, 943 - Santa Cecilia, Porto Alegre - RS, 90410-000, Brazil",http://www.colegioisraelita.com.br/,(51) 3331-3933,43104983,"PORTO ALEGRE
 ",http://www.qedu.org.br/escola/255309-colegio-israelita-brasileiro/sobre,,,
ChIJ0-V4irF5GZURKOLESUNgE58,Por Disciplina - Centro de Estudos,"Av. Independência, 1159 / 201 - Independência, Porto Alegre - RS, 90035-077, Brazil",,(51) 3227-3555,43107494,"PORTO ALEGRE
 ",http://www.qedu.org.br/escola/218863-centro-de-ensino-medio-pastor-dohms-unidade-de-ensino-higienopolis/censo-escolar,,,
ChIJvVVW1393GZURWPDRpdeFPXY,Escola Waldorf Candeia,"Av. Eng. Alfredo Corrêa Daudt, 290 - Boa Vista, Porto Alegre - RS, 90480-120, Brazil",http://www.facebook.com.br/EscolaCandeia,(51) 4061-6416,43105734,"PORTO ALEGRE
 ",https://www.qedu.org.br/escola/256126-colegio-santa-doroteia/censo-escolar,,Sim,
ChIJH2iV5qh5GZURme4RIZ6BsyQ,Píon Educacional,"Av. Independência, 383 - Sala 206 - Independência, Porto Alegre - RS, 90035-074, Brazil",,(51) 3264-2530,43104983,"PORTO ALEGRE
 ",http://www.qedu.org.br/escola/255309-colegio-israelita-brasileiro/sobre,,,
ChIJ0bHsZ8R5GZURkeSAY3v8gI8,Escola Pró-saber,"R. Filadélfia, 106 - Higienópolis, Porto Alegre - RS, 90550-060, Brazil",http://www.escolaprosaber.com.br/,(51) 3343-6800,43249612,"PORTO ALEGRE
 ",http://www.qedu.org.br/escola/254908-sociedade-mantenedora-pro-saber-ltda/censo-escolar,,,
ChIJ_QB44tV5GZURTg-pH-D7ouQ,Escola Estadual de Ensino Fundamental Fabíola Pinto Dornelles,"R. Dr. Eduardo Chartier, 1192 - Higienópolis, Porto Alegre - RS, 90520-100, Brazil",http://www.dataescolabrasil.inep.gov.br/dataEscolaBrasil/,(51) 3342-8590,43106390,"PORTO ALEGRE
 ",http://www.qedu.org.br/escola/231148-eeef-fabiola-pinto-dornelles/censo-escolar,,,
ChIJl3LBYGR5GZURJIKsB5UNLug,"Cotidiana Escola Educação Infantil, berçario, creche, jardim, maternal Porto Alegre","Rua Francisco Ferrer, 456 - Rio Branco, Porto Alegre - RS, 90420-140, Brazil",http://www.escolacotidiana.com.br/,(51) 3209-6686,43107036,"PORTO ALEGRE
 ",http://qedu.org.br/escola/234069-eeef-porto-alegre/censo-escolar,,,
ChIJpf5UQSZ5GZURS3HQjbyClDs,Aulas Particulares de Inglês - Cristina Mantovani,"R. Marcelo Gama, 1295 - Auxiliadora, Porto Alegre - RS, 90540-041, Brazil",,(51) 99115-0552,, Porto Alegre ,,,,
ChIJS1eC2X93GZUR3NVnJHMct0s,Escola Infantil Colibri,"Av. Eng. Alfredo Corrêa Daudt, 300 - Boa Vista, Porto Alegre - RS, 90480-120, Brazil",,(51) 3516-1300,43109330,"PORTO ALEGRE
 ",http://www.qedu.org.br/escola/257975-eeb-colegio-monteiro-lobato/sobre,,,
ChIJ0Qtdo7F5GZURiQbd4DxsE6s,School Our Lady of Good Counsel,"R. Ramiro Barcelos, 996 - Moinhos de Vento, Porto Alegre - RS, 90035-001, Brazil",http://www.bomconselho.com.br/,(51) 3311-0522,, Porto Alegre ,,,,
ChIJPXM8fdR5GZURAnI0u_1DPx0,Professor de Inglês em Porto Alegre - Vitor Gluszczak,"Av. Carlos Gomes, 161 - Auxiliadora, Porto Alegre - RS, 90480-000, Brazil",https://www.facebook.com/profvitorg,(51) 98249-9432,, Porto Alegre ,,,,
ChIJz3W3ktJ5GZURQu2LJEeYKRU,ESC EST DE ENS FUND VISCONDE DE PELOTAS,"R. Artur Rocha, 200 - Auxiliadora, Porto Alegre - RS, 90450-070, Brazil",http://www.faders.rs.gov.br/recursos/940,(51) 3332-1238,43107346,"PORTO ALEGRE
 ",http://www.qedu.org.br/escola/220437-eeef-visconde-de-pelotas/censo-escolar,,,
ChIJBz9Ofd15GZURbr7XZg-skfA,Curso de Inglês Online e Particular - CSE - Conversation Sem Enrolation,"R. Cel. Bordini, 174 - Auxiliadora, Porto Alegre - RS, 90550-000, Brazil",https://cseschool.com.br/,(51) 99321-2787,, Porto Alegre ,,,,
ChIJOYLoQcZ5GZUR4zy97BDheVE,Escola Estadual de Ensino Fundamental General Daltro Filho,"Av. América, 145 - Auxiliadora, Porto Alegre - RS, 90440-020, Brazil",,(51) 3343-1108,43106463,"PORTO ALEGRE
 ",http://www.qedu.org.br/escola/231154-eeef-general-daltro-filho/censo-escolar,,,
ChIJIa6tLlSdGZURb2zG81_VKM8,Escola Nossa Senhora Do Brasil,"R. Alarico Valença, 160 - Vila Joao Pessoa, Porto Alegre - RS, 91520-100, Brazil",http://escolansbrasil.com.br/,(51) 3336-4509,43105343,"PORTO ALEGRE
 ",https://www.qedu.org.br/escola/254405-eef-nossa-senhora-do-brasil/censo-escolar,,Sim,
ChIJA1om69J5GZURiUbqmOiW7Z0,Escola de Educação Infantil Lúdica,"R. Artur Rocha, 314 - Auxiliadora, Porto Alegre - RS, 90450-170, Brazil",http://www.escolaludica.com.br/,(51) 3401-6100,43362516,"PORTO ALEGRE
 ",http://www.qedu.org.br/escola/259698-eei-ludica/sobre,,,
ChIJ24PwFqh3GZURncxdilIx4NM,Sinodal Salvador,"Av. Mathilde Trein Renner, 55 - Vila Ipiranga, Porto Alegre - RS, 91370-050, Brazil",http://www.sinodalsalvador.org.br/,(51) 3340-5509,43105670,"PORTO ALEGRE
 ",http://www.qedu.org.br/escola/215585-colegio-sinodal-do-salvador/sobre,,,
ChIJH0QtiDl5GZUR3CkavxqrjNE,Colegioconcordia,"Av. Paraná, 1924-1862 - Navegantes, Porto Alegre - RS, 90240-600, Brazil",http://colegioconcordia.com.br/,,43104967,"PORTO ALEGRE
 ",https://www.qedu.org.br/escola/231685-colegio-concordia/censo-escolar,COC (Arco),,
ChIJ6abdMcZ5GZURTviCe0OZ7p4,Núcleo Estadual de Educação de Jovens e Adultos de Cultura Popular Paulo Freire,"R. Cel. Bordini, 190 - Auxiliadora, Porto Alegre - RS, 90440-002, Brazil",,(51) 3362-5904,43169252,"PORTO ALEGRE
 ",http://www.qedu.org.br/escola/254943-neejacp-paulo-freire/sobre,,,
ChIJB5JXd1J4GZURMZ7JIqz0CjI,M J C,"Av. Venâncio Aires, 777 - Cidade Baixa, Porto Alegre - RS, 91900-590, Brazil",,(51) 3084-5467,43108164,"PORTO ALEGRE
 ",http://www.qedu.org.br/escola/259225-colegio-marista-nossa-senhora-do-rosario/censo-escolar,,,
ChIJRZics9x5GZURyZTMc-EZTII,Escola de Educação Infantil Geração Alegria,"R. Carlos Von Koseritz, 505 - São João, Porto Alegre - RS, 90540-031, Brazil",http://www.geracaoalegria.com.br/,(51) 3072-7219,43367399,"PORTO ALEGRE
 ",http://qedu.org.br/escola/258128-esc-educ-inf-geracao-alegria/sobre,,,
ChIJ1XKfFy94GZURroBF1fuKJJ0,Escola Despertar Educação Infantil,"R. Armando Pereira Câmara, 110 - Petrópolis, Porto Alegre - RS, 90470-070, Brazil",http://www.escoladespertar.com.br/,(51) 3388-4238,43201466,"PORTO ALEGRE
 ",https://qedu.org.br/escola/255683-despertar-educacao-infantil-ltda/sobre,,,
ChIJWwlAJCx4GZURreOtII_2JFw,Escola Panda de Educação Infantil,"R. Comendador Rheingantz, 980 - Auxiliadora, Porto Alegre - RS, 90450-020, Brazil",,,43362443,"PORTO ALEGRE
 ",https://qedu.org.br/escola/256564-panda-escola-de-educacao-infantil-ltda-me/sobre,,,
ChIJL9fOg-53GZURPwSPGK85Ntk,Divino Mestre - Escola de Ensino Fundamental,"R. Jerusalém, 660 - Bom Jesus, Porto Alegre - RS, 91420-440, Brazil",http://www.escoladivinomestre.com.br/,(51) 3338-1713,43211429,"PORTO ALEGRE
 ",https://www.qedu.org.br/escola/218896-eef-divino-mestre/censo-escolar,,,
ChIJmY8uNtl5GZURdqQQEhvbfl8,Escola Infantil Construindo,"R. Portugal, 266 - Higienópolis, Porto Alegre - RS, 90520-310, Brazil",,(51) 3573-0788,43191398,"PORTO ALEGRE
 ",http://qedu.org.br/escola/230333-eei-construir/sobre,,,
