place_id,name,formatted_address,website,formatted_phone_number,Inep,city,qedu_url,Sistema de Ensino,Escola é Bilíngue?,Comunidade que a escola pertence
ChIJ_fd4pMt5GZURpwjRQqVZ0LA,Escola de Educação Infantil Gente Miúda,"Tv. Angustura, 66 - Moinhos de Vento, Porto Alegre - RS, 90440-030, Brazil",https://www.escolagentemiudapoa.com.br/,(51) 99579-0050,43211313,"PORTO ALEGRE
 ",http://www.qedu.org.br/escola/234126-eei-gente-miudinha/sobre,,,
ChIJsVUf0Ml5GZUR4lN7TiQgHos,Pamame Serv de Ensino e Partic Soc Simples,"R. Dr. Timóteo, 1054 - Floresta, Porto Alegre - RS, 90570-040, Brazil",,(51) 3084-1786,43104975,"PORTO ALEGRE
 ",http://www.qedu.org.br/escola/231686-centro-ens-medio-farroupilha/censo-escolar,,,
ChIJA-jcAbt5GZURVqSTGekjC5w,Colégio Batista,"001, Av. Cristóvão Colombo, 1098 - Floresta, Porto Alegre - RS, Brazil",http://colegiobatista.org.br/,(51) 2136-5200,43104940,"PORTO ALEGRE
 ",https://www.qedu.org.br/escola/257511-colegio-batista/censo-escolar,,,
ChIJRzXeUsh5GZURVx-3SVEFysE,Centro de Ensino Cultura,"R. Quintino Bocaiúva, 500 - Floresta, Porto Alegre - RS, 91900-120, Brazil",https://www.yazigi.com.br/poa-moinhos-de-ventos,(51) 3084-2786,43188087,"PORTO ALEGRE
 ",http://www.qedu.org.br/escola/230512-creare-cultura-recreacao-artes-e-educacao/sobre,,,
ChIJN5pXoct5GZURu0DjCVz99is,State School Uruguay,"Prq Parque Moinhos De Vento 200 - Moinhos de Vento, Porto Alegre - RS, 90440-030, Brazil",http://www.seduc.rs.gov.br/,(51) 3332-2253,43107265,"PORTO ALEGRE
 ",http://www.qedu.org.br/escola/256733-eeef-uruguai/censo-escolar,,,
ChIJ0Qtdo7F5GZURiQbd4DxsE6s,School Our Lady of Good Counsel,"R. Ramiro Barcelos, 996 - Moinhos de Vento, Porto Alegre - RS, 90035-001, Brazil",http://www.bomconselho.com.br/,(51) 3311-0522,, Porto Alegre ,,,,
ChIJ5-YfHUt4GZURfCyMQOzMw4s,School Leonardo da Vinci - Alfa,"R. Cabral, 521 - Rio Branco, Porto Alegre - RS, 90420-121, Brazil",http://colegioleonardodavinci.com.br/,(51) 3095-2102,43172423,"PORTO ALEGRE
 ",http://www.qedu.org.br/escola/229513-colegio-leonardo-da-vinci-alfa/censo-escolar,,,
ChIJ0duITqV5GZURrwOisHefNEA,Escola de Educação Infantil Canto dos Anjos,"R. Pelotas, nº 444 - Floresta, Porto Alegre - RS, 90220-110, Brazil",http://facebook.com/escolacantodosanjos,(51) 3228-0767,43367356,"PORTO ALEGRE
 ",http://www.qedu.org.br/escola/257735-5195-iei-anjo-das-flores/sobre,,,
ChIJGdX7HbV5GZURKxsDsg3fdBI,Escola Tempo de Crescer,"R. Dr. Florêncio Ygartua, 439 - Moinhos de Vento, Porto Alegre - RS, 90430-010, Brazil",,(51) 3331-9400,43208169,"PORTO ALEGRE
 ",https://www.qedu.org.br/escola/230191-eei-tempo-de-crescer/censo-escolar,,,
ChIJH04BbpN5GZURAe0F3xuIyBI,Colégio Concórdia Porto Alegre,"Av. Pres. Franklin Roosevelt, 770 - São Geraldo, Porto Alegre - RS, 90230-001, Brazil",http://colegioconcordia.com.br/,4009-9090,43104967,"PORTO ALEGRE
 ",https://www.qedu.org.br/escola/231685-colegio-concordia/censo-escolar,COC (Arco),,
ChIJi0acEEp4GZUR0fbwNCIV39A,American Methodist College,"R. Dr. Lauro de Oliveira, 71 - Rio Branco, Porto Alegre - RS, 90420-210, Brazil",http://colegiometodista.g12.br/americano,(51) 3316-1158,43107524,"PORTO ALEGRE
 ",http://www.qedu.org.br/escola/218865-colegio-metodista-americano/censo-escolar,,Sim,
ChIJsV0aL7Z5GZUR7zaDCei6ta8,Aulas Particulares-Preparação para o Vestibular,"R. 24 de Outubro, 1100 - Independência, Porto Alegre - RS, 90510-002, Brazil",,(51) 3346-4393,, Porto Alegre ,,,,
ChIJQ3u1A1h5GZURvCqDA4PJ9ac,Emei Jp Cirandinha,"R. 24 de Outubro, 211 - Independência, Porto Alegre - RS, 90510-002, Brazil",http://websmed.portoalegre.rs.gov.br/escolas/cirandinha/,(51) 3346-1600,43107680,"PORTO ALEGRE
 ",http://qedu.org.br/escola/217644-emei-jp-cirandinha/sobre,,,
ChIJ0-V4irF5GZURKOLESUNgE58,Por Disciplina - Centro de Estudos,"Av. Independência, 1159 / 201 - Independência, Porto Alegre - RS, 90035-077, Brazil",,(51) 3227-3555,43107494,"PORTO ALEGRE
 ",http://www.qedu.org.br/escola/218863-centro-de-ensino-medio-pastor-dohms-unidade-de-ensino-higienopolis/censo-escolar,,,
ChIJc0JKvLZ5GZURUvo6GC99cTc,Escola de Educação Infantil Lar do Bebê Pupileira,"R. Fernando Gomes, 156 - Moinhos de Vento, Porto Alegre - RS, 90430-010, Brazil",http://pupileira.redesagradosul.com.br/,(51) 3222-1574,43191746,"PORTO ALEGRE
 ",http://qedu.org.br/escola/255214-eei-lar-do-bebe-pupileira/sobre,,,
ChIJNbRwt7h5GZUR_cOq50cZiOQ,Escola de Educação Infantil Lápis de Cor,"Av. Pernambuco, 2808 - Navegantes, Porto Alegre - RS, 90240-001, Brazil",http://facebook.com/infantillapisdecor/,(51) 99336-1111,35482432,"JACAREÍ
 ",http://www.qedu.org.br/escola/269103-lapis-de-cor-escola-de-educacao-infantil/sobre,,,
ChIJ__-z28h5GZURrvFBan0ATHc,Escola De Educação Infantil Cata-Vento,"R. Xavier Ferreira, 85 - Auxiliadora, Porto Alegre - RS, 90540-160, Brazil",,,35188360,"SÃO JOSÉ DO RIO PRETO
 ",https://www.qedu.org.br/escola/188644-cata-vento-escola-de-educacao-infantil-e-ensino-fundamental/sobre,,,
ChIJ_UoMpcV5GZUR9BxeVWRFCpg,College João Paulo I - Unit Higienopolis,"Av. Filadélfia, 314 - Higienópolis, Porto Alegre - RS, 90550-060, Brazil",http://www.jphigi.com.br/,(51) 3013-4545,43238203,"PORTO ALEGRE
 ",http://www.qedu.org.br/escola/216751-colegio-joao-paulo-i/censo-escolar,,Sim,
ChIJNyIGmdt5GZUR9cO34TmVsb0,Teaching Center Pastor Dohms,"R. Américo Vespúcio, 483 - Higienópolis, Porto Alegre - RS, 90550-031, Brazil",http://www.dohms.org.br/,(51) 3357-3300,43107494,"PORTO ALEGRE
 ",http://www.qedu.org.br/escola/218863-centro-de-ensino-medio-pastor-dohms-unidade-de-ensino-higienopolis/censo-escolar,,,
ChIJH2iV5qh5GZURme4RIZ6BsyQ,Píon Educacional,"Av. Independência, 383 - Sala 206 - Independência, Porto Alegre - RS, 90035-074, Brazil",,(51) 3264-2530,43104983,"PORTO ALEGRE
 ",http://www.qedu.org.br/escola/255309-colegio-israelita-brasileiro/sobre,,,
ChIJ-4GxDDl4GZURgluynoWZn0s,Colégio Vicentino Santa Cecília,"R. Vicente da Fontoura, 2234 - Santa Cecilia, Porto Alegre - RS, 90640-002, Brazil",http://www.colegiosantacecilia.com.br/,(51) 3316-1000,43107389,"PORTO ALEGRE
 ",http://www.qedu.org.br/escola/220440-colegio-vicentino-santa-cecilia/censo-escolar,,,
ChIJ68XsaNh5GZURyt9NuJ63_uM,Dom Bosco Higienópolis,"R. Dr. Eduardo Chartier, 360 - Higienópolis, Porto Alegre - RS, 90520-100, Brazil",http://colegiodombosco.net/site/,(51) 3337-9833,43107370,"PORTO ALEGRE
 ",http://qedu.org.br/escola/220439-colegio-salesiano-dom-bosco/sobre,Salesiano,,
ChIJb_egODZ4GZURNR_FDm1ztpY,EARLY CHILDHOOD EDUCATION SCHOOL Pirlimpimpim,"Rua Professor Álvaro Alvim, 310 - Rio Branco, Porto Alegre - RS, 90420-020, Brazil",http://www.pirlimpimpimpoa.com.br/,(51) 3388-5901,43107036,"PORTO ALEGRE
 ",http://qedu.org.br/escola/234069-eeef-porto-alegre/censo-escolar,,,
ChIJxYulZTh4GZURa9T9cqnVLPg,Colégio Vicentino Santa Cecília,"R. Felipe de Oliveira, 448 - Petrópolis, Porto Alegre - RS, 90630-000, Brazil",http://colegiosantacecilia.com.br/,(51) 3316-1000,43107389,"PORTO ALEGRE
 ",http://www.qedu.org.br/escola/220440-colegio-vicentino-santa-cecilia/censo-escolar,,,
ChIJsV0aL7Z5GZURPxZ4YTY7Tq4,Reforço-Centro de Acompanhamento Escolar,"R. 24 de Outubro, 1100 - Independência, Porto Alegre - RS, 90510-002, Brazil",,(51) 3222-1620,43107494,"PORTO ALEGRE
 ",http://www.qedu.org.br/escola/218863-centro-de-ensino-medio-pastor-dohms-unidade-de-ensino-higienopolis/censo-escolar,,,
ChIJl3LBYGR5GZURJIKsB5UNLug,"Cotidiana Escola Educação Infantil, berçario, creche, jardim, maternal Porto Alegre","Rua Francisco Ferrer, 456 - Rio Branco, Porto Alegre - RS, 90420-140, Brazil",http://www.escolacotidiana.com.br/,(51) 3209-6686,43107036,"PORTO ALEGRE
 ",http://qedu.org.br/escola/234069-eeef-porto-alegre/censo-escolar,,,
ChIJfYgvnbF5GZURLvSI3zV7jJk,Anglo Vestibulares,"R. Moinhos de Vento, 28 - Moinhos de Vento, Porto Alegre - RS, 90430-020, Brazil",https://www.anglors.com.br/,(51) 3311-5599,35142797,"SÃO JOÃO DA BOA VISTA
 ",https://www.qedu.org.br/escola/188042-sao-joao-colegio-anglo/sobre,Anglo (SOMOS),,
ChIJwcO-G8l5GZURzelIVgmc1BU,Equipe Arali- Aulas Particulares,"Moinhos de Vento, Porto Alegre - State of Rio Grande do Sul, 90570-060, Brazil",,(51) 99293-0512,35103445,"SÃO PAULO
 ",http://qedu.org.br/escola/193927-colegio-equipe/sobre,,,
ChIJQ7lvbFl4GZURXnPNQQWdPeE,Colégio Nossa Senhora de Lourdes,"R. Marcílio Dias, 1201 - Menino Deus, Porto Alegre - RS, 90130-000, Brazil",http://www.cnsl.com.br/,(51) 3223-1285,31054071,"GOVERNADOR VALADARES
 ",http://www.qedu.org.br/escola/138412-colegio-nossa-senhora-de-lourdes/sobre,COC (Arco),,
ChIJUZvIpyt4GZURscrwcWbDj9I,Curso Peristroica,"Rua Furriel Luíz Antônio de Vargas, 250 - Bela Vista, Porto Alegre - RS, 91787-213, Brazil",,(51) 3061-5564,43104983,"PORTO ALEGRE
 ",http://www.qedu.org.br/escola/255309-colegio-israelita-brasileiro/sobre,,,
ChIJi4CnSs95GZURqWfLqrwztnA,Centro de Educação Infantil Construindo o Saber,"Av. Nova York, 130 - Auxiliadora, Porto Alegre - RS, 90550-070, Brazil",http://www.construindoosaberrs.com.br/,(51) 3342-0387,43210953,"PORTO ALEGRE
 ",http://www.qedu.org.br/escola/228539-cei-construindo-saber/censo-escolar,,,
ChIJVVL7QcZ5GZURlyUv1jt4tQo,Escola de Educação Infantil Recanto Feliz,"R. Marquês do Pombal, 1077 - Auxiliadora, Porto Alegre - RS, 90540-001, Brazil",https://www.escolarecantofeliz.com.br/,(51) 3337-8748,43185452,"PORTO ALEGRE
 ",http://www.qedu.org.br/escola/231764-5093-eei-recanto-da-crianca-feliz/sobre,,,
ChIJiSAGpc15GZUR8TeZLqUqssA,Colégio Lumiar Porto Alegre,"R. Dr. Freire Alemão, 366 - Mont'Serrat, Porto Alegre - RS, 90450-060, Brazil",https://lumiar.co/,(51) 99276-1070,43114946,"PORTO ALEGRE
 ",http://qedu.org.br/escola/283790-escola-de-ensino-fundamental-lumiar/sobre,,,
ChIJj7cjALV5GZURuI749ui1jm8,Supera - Academia de Ginástica para o Cérebro,"R. Dr. Florêncio Ygartua, 378 - Rio Branco, Porto Alegre - RS, 90430-010, Brazil",http://www.metodosupera.com.br,(51) 3028-0866,43104983,"PORTO ALEGRE
 ",http://www.qedu.org.br/escola/255309-colegio-israelita-brasileiro/sobre,,,
ChIJUQg4eI53GZUR_q7VNmwAQ54,Colégio Farroupilha,"R. Carlos Huber, 425 - Três Figueiras, Porto Alegre - RS, 91330-150, Brazil",http://www.colegiofarroupilha.com.br/,(51) 3455-1858,43104975,"PORTO ALEGRE
 ",http://www.qedu.org.br/escola/231686-centro-ens-medio-farroupilha/censo-escolar,,,
ChIJg0aJXq55GZURUpyHavhYGNg,Delta Educadores - Aulas Particulares,"Av. Independência - Independência, Porto Alegre - RS, 90035-074, Brazil",,(51) 98953-2290,35119040,"SÃO PAULO
 ",http://www.qedu.org.br/escola/186799-colegio-delta/sobre,,,
ChIJvSe-grF5GZURh0qL1fFI4PE,Instituto Educacional Galileu Galilei Ltda,"Praça Júlio de Castilhos, 28 - Independência, Porto Alegre - RS, 90430-020, Brazil",http://www.anglors.com.br/,(51) 3311-5599,,"CANDEIAS
 ",http://www.qedu.org.br/escola/266803-galileu-galilei-centro-educacional-ltda/sobre,Anglo (SOMOS),,
ChIJB5JXd1J4GZURMZ7JIqz0CjI,M J C,"Av. Venâncio Aires, 777 - Cidade Baixa, Porto Alegre - RS, 91900-590, Brazil",,(51) 3084-5467,43108164,"PORTO ALEGRE
 ",http://www.qedu.org.br/escola/259225-colegio-marista-nossa-senhora-do-rosario/censo-escolar,,,
ChIJbZrC31l4GZURDwArTjj_tjM,Escola Estadual Espial Renascença,"R. João Neves da Fontoura, 1 - Azenha, Porto Alegre - RS, 90050-030, Brazil",,(51) 3221-9867,43174345,"PORTO ALEGRE
 ",https://www.qedu.org.br/escola/254429-eee-renascenca/sobre,,,
ChIJC_bn77F5GZURjCcUK5ybmqA,ESE Othello Rosa,"Av. Independência, 1065 - Independência, Porto Alegre - RS, 90035-072, Brazil",,(51) 3222-2492,43106900,"PORTO ALEGRE
 ",https://www.qedu.org.br/escola/232670-eeef-othelo-rosa/censo-escolar,,,
ChIJucglKJN3GZURy49inKfTqoI,Pan American School of Porto Alegre,"Av. João Obino, 110 - Petrópolis, Porto Alegre - RS, 90470-150, Brazil",http://www.panamerican.com.br/,(51) 3334-5866,43107524,"PORTO ALEGRE
 ",http://www.qedu.org.br/escola/218865-colegio-metodista-americano/censo-escolar,,,
ChIJ_5aKDtx5GZURe3mww_NL4QI,Sociedade Porvir Científico,"R. Honório Silveira Dias, 630 - São João, Porto Alegre - RS, 90550-150, Brazil",,(51) 3337-2011,43105009,"PORTO ALEGRE
 ",http://qedu.org.br/escola/254434-colegio-militar-de-porto-alegre/censo-escolar,,,
ChIJfe1S1id4GZURxBjqnn7TUFE,Centro de Ensino e Cultura,"Av. João Obino, 300 - Petrópolis, Porto Alegre - RS, 90470-150, Brazil",,(51) 3013-5683,43188087,"PORTO ALEGRE
 ",http://www.qedu.org.br/escola/230512-creare-cultura-recreacao-artes-e-educacao/sobre,,,
ChIJH0QtiDl5GZUR3CkavxqrjNE,Colegioconcordia,"Av. Paraná, 1924-1862 - Navegantes, Porto Alegre - RS, 90240-600, Brazil",http://colegioconcordia.com.br/,,43104967,"PORTO ALEGRE
 ",https://www.qedu.org.br/escola/231685-colegio-concordia/censo-escolar,COC (Arco),,
ChIJ6zj-hKV5GZUR7Ph4ZQLKNug,omatematico.com,"R. Ernesto Alves, 332 - Floresta, Porto Alegre - RS, 90220-190, Brazil",http://www.omatematico.com/,(51) 3225-5259,43104940,"PORTO ALEGRE
 ",https://www.qedu.org.br/escola/257511-colegio-batista/censo-escolar,,,
ChIJqXH9Mql5GZURcsz2hJADi7A,Tenho Aula,"Rua Tomaz Flores, 95 - sala 303/304 - Bom Fim, Porto Alegre - RS, 90035-201, Brazil",http://www.tenhoaula.com/,(51) 98517-9633,43107419,"PORTO ALEGRE
 ",https://www.qedu.org.br/escola/258495-colegio-mae-de-deus/censo-escolar,,,
ChIJlTXt6Cd4GZUR522o9miMuY8,Escola Moinho Educação Infantil,"Av. Soledade, 285 - Jardim Carvalho, Porto Alegre - RS, 90470-340, Brazil",http://www.escolamoinho.com.br/,(51) 3381-4258,43211410,"PORTO ALEGRE
 ",https://qedu.org.br/escola/219218-eei-escola-moinho/censo-escolar,,,
ChIJ1XKfFy94GZURroBF1fuKJJ0,Escola Despertar Educação Infantil,"R. Armando Pereira Câmara, 110 - Petrópolis, Porto Alegre - RS, 90470-070, Brazil",http://www.escoladespertar.com.br/,(51) 3388-4238,43201466,"PORTO ALEGRE
 ",https://qedu.org.br/escola/255683-despertar-educacao-infantil-ltda/sobre,,,
ChIJUzyUCYV3GZURNWRhyEMzp3o,Anchieta College,"Av. Dr. Nilo Peçanha, 1521 - Três Figueiras, Porto Alegre - RS, 91330-000, Brazil",http://www.colegioanchieta.g12.br/,(51) 3382-6000,43104924,"PORTO ALEGRE
 ",http://www.qedu.org.br/escola/257509-colegio-anchieta/sobre,,Sim,
ChIJ_aag3NJ5GZURM0r9JzpokVY,Aula particular,"Rua Tomaz Flores, 428-278 - Independência, Porto Alegre - RS, 90035-200, Brazil",,,43104967,"PORTO ALEGRE
 ",https://www.qedu.org.br/escola/231685-colegio-concordia/censo-escolar,,,
ChIJBz9Ofd15GZURbr7XZg-skfA,Curso de Inglês Online e Particular - CSE - Conversation Sem Enrolation,"R. Cel. Bordini, 174 - Auxiliadora, Porto Alegre - RS, 90550-000, Brazil",https://cseschool.com.br/,(51) 99321-2787,, Porto Alegre ,,,,
ChIJ0bHsZ8R5GZURkeSAY3v8gI8,Escola Pró-saber,"R. Filadélfia, 106 - Higienópolis, Porto Alegre - RS, 90550-060, Brazil",http://www.escolaprosaber.com.br/,(51) 3343-6800,43249612,"PORTO ALEGRE
 ",http://www.qedu.org.br/escola/254908-sociedade-mantenedora-pro-saber-ltda/censo-escolar,,,
ChIJa7PqpNt5GZURXcsEX0jM5bo,APROVA MAIS- PORTO ALEGRE - PETRÓPOLIS,"Av. Protásio Alves, 2228 - Petrópolis, Porto Alegre - RS, 90410-001, Brazil",,(51) 3508-1555,43105068,"PORTO ALEGRE
 ",http://www.qedu.org.br/escola/218490-colegio-santa-ines/sobre,,,
ChIJjSLcAKl5GZURDm_R5ACTLbo,Colégio Marista Rosário,"Praça Dom Sebastião, 2 - Independência, Porto Alegre - RS, 90035-080, Brazil",http://maristarosario.org.br/,(51) 3284-1200,43108164,"PORTO ALEGRE
 ",http://www.qedu.org.br/escola/259225-colegio-marista-nossa-senhora-do-rosario/censo-escolar,,Sim,
ChIJe9zDWC54GZURxQuPFmD4ZyQ,Escola de Educação Infantil Balão Azul - VIVÊNCIAS BILÍNGUE,"R. Prof. José Salgado Martins, 191 - Bela Vista, Porto Alegre - RS, 90450-150, Brazil",http://balaoazulpoa.com.br/,(51) 3028-8800,31309923,"DIVINÓPOLIS
 ",https://www.qedu.org.br/escola/146206-educacao-infantil-recreacao-balao-azul/censo-escolar,,Sim,
ChIJp7uMjDd4GZUR05qRISiYFYw,CIB - Colégio Israelita Brasileiro,"Av. Protásio Alves, 943 - Santa Cecilia, Porto Alegre - RS, 90410-000, Brazil",http://www.colegioisraelita.com.br/,(51) 3331-3933,43104983,"PORTO ALEGRE
 ",http://www.qedu.org.br/escola/255309-colegio-israelita-brasileiro/sobre,,,
ChIJ5-YfHUt4GZURwpEn9dmh1-k,Sociedade Educacional Leonardo da Vinci,"R. Cabral - Rio Branco, Porto Alegre - RS, 90420-120, Brazil",,(51) 3330-3443,43172423,"PORTO ALEGRE
 ",http://www.qedu.org.br/escola/229513-colegio-leonardo-da-vinci-alfa/censo-escolar,,,
ChIJIa6tLlSdGZURb2zG81_VKM8,Escola Nossa Senhora Do Brasil,"R. Alarico Valença, 160 - Vila Joao Pessoa, Porto Alegre - RS, 91520-100, Brazil",http://escolansbrasil.com.br/,(51) 3336-4509,43105343,"PORTO ALEGRE
 ",https://www.qedu.org.br/escola/254405-eef-nossa-senhora-do-brasil/censo-escolar,,Sim,
ChIJCcsnOaZ5GZURvFMbVFRjGtk,Sesc,"Av. Farrapos, 146 - Floresta, Porto Alegre - RS, 90220-002, Brazil",https://www.sesc.com.br/,,43208967,"PORTO ALEGRE
 ",http://www.qedu.org.br/escola/254387-eei-do-sesc-sesquinho-navegantes/sobre,,,
ChIJKwb00kt4GZURJyAeQB8l67M,Escola Projeto,"R. Cel. Paulino Teixeira, 394 - Rio Branco, Porto Alegre - RS, 90420-160, Brazil",http://www.escolaprojeto.g12.br/,(51) 3331-7384,43109373,"PORTO ALEGRE
 ",https://www.qedu.org.br/escola/257977-ce-fundamental-projeto/sobre,,Sim,
